Education,Skills,Interests,Recommended_Career
Bachelor's,Python;Data Analysis;Machine Learning,Technology;Data Science,Data Scientist
Master's,Java;System Design;Cloud Computing,Software Development;AI,Software Engineer
Bachelor's,Graphic Design;UI/UX;Adobe Creative Suite,Arts;Digital Media,UX Designer
Bachelor's,Python;Deep Learning;Statistics,Healthcare;AI,AI Researcher
Master's,Project Management;Communication;Agile,Business;Management,Project Manager
Bachelor's,C++;Embedded Systems;IoT,Electronics;Automation,Embedded Systems Engineer
Master's,SQL;Data Warehousing;ETL,Finance;Analytics,Data Analyst
Bachelor's,Content Writing;SEO;Social Media,Marketing;Communications,Digital Marketer
Bachelor's,Python;Natural Language Processing;Machine Learning,Linguistics;Technology,NLP Engineer
Master's,Financial Analysis;Excel;Econometrics,Finance;Data Analysis,Financial Analyst
PhD,Research;Statistical Analysis;Python,Academia;Biotech,Research Scientist
Bachelor's,HTML;CSS;JavaScript,Web Development;Design,Front-end Developer
Bachelor's,Java;Algorithms;Data Structures,Software Engineering;Coding,Software Developer
Master's,Data Visualization;Python;R,Data Analysis;Statistics,Data Analyst
Master's,Machine Learning;Big Data;Python,Technology;Innovation,Machine Learning Engineer
Bachelor's,Digital Marketing;Content Creation;SEO,Marketing;Social Media,Digital Marketer
Bachelor's,Python;Data Mining;Statistics,Data Science;Finance,Data Scientist
Bachelor's,C#;.NET;Software Design,Technology;Gaming,Software Developer
Master's,Project Management;Risk Analysis;Negotiation,Business;Management,Project Manager
Bachelor's,User Research;UX Design;Prototyping,Design;Technology,UX Designer
Bachelor's,Python;Data Analysis;SQL,Finance;Analytics,Data Analyst
Master's,Marketing Strategy;Digital Marketing;CRM,Marketing;Business,Marketing Manager
Bachelor's,JavaScript;React;Node.js,Web Development;Technology,Full Stack Developer
Master's,Data Science;Machine Learning;Python,Healthcare;AI,AI Specialist
Bachelor's,Network Security;Linux;Python,Cybersecurity;Technology,Cybersecurity Analyst
Master's,Python;Statistics;Data Mining,Academia;Research,Research Analyst
Bachelor's,Cloud Computing;DevOps;Python,Technology;Business,DevOps Engineer
Bachelor's,Content Creation;Graphic Design;Adobe Photoshop,Digital Media;Marketing,Graphic Designer
Master's,Python;TensorFlow;Deep Learning,Technology;Research,Deep Learning Engineer
Bachelor's,SQL;Data Warehousing;R,Business;Analytics,Business Analyst
Master's,Java;Spring;Microservices,Software Engineering;Finance,Backend Developer
Bachelor's,HTML;CSS;JavaScript;UX,Web Design;Technology,Front-end Developer
Master's,Machine Learning;R;Python,Biotech;Data Science,Biostatistician
Bachelor's,Digital Illustration;Adobe Illustrator;Creativity,Arts;Design,Graphic Designer
Master's,Python;Big Data;Machine Learning,Finance;Technology,Data Engineer
Bachelor's,Copywriting;SEO;Social Media,Marketing;Content,Content Strategist
Master's,Python;JavaScript;Data Visualization,Analytics;Business,Data Analyst
Bachelor's,Business Analysis;Excel;SQL,Business;Finance,Business Analyst
Bachelor's,Python;Automation;Data Analysis,Technology;Engineering,Automation Engineer
Bachelor's,Graphic Design;UX/UI;Adobe XD,Digital Media;Design,UX Designer
Master's,Python;Machine Learning;AI,Technology;Innovation,Machine Learning Engineer
Bachelor's,Digital Marketing;Analytics;SEO,Marketing;Business,Digital Marketer
Master's,Python;Data Analysis;R,Finance;Data Science,Financial Analyst
Bachelor's,Content Writing;Storytelling;SEO,Media;Marketing,Content Strategist
Bachelor's,Java;Android;UI Design,Mobile Apps;Technology,Mobile Developer
Master's,UX Research;Prototyping;Interaction Design,Design;User Experience,UX Researcher
Bachelor's,Python;Cybersecurity;Network Security,Technology;Security,Cybersecurity Specialist
Bachelor's,SQL;Data Analysis;Excel,Business;Analytics,Data Analyst
Master's,Cloud Computing;Python;DevOps,Technology;Business,Cloud Engineer
Bachelor's,Graphic Design;Illustration;Adobe Creative Suite,Arts;Design,Graphic Designer
Bachelor's,Python;Data Analysis;SQL,Finance;Analytics,Data Analyst
Bachelor's,Java;Spring;Microservices,Software Engineering;Technology,Backend Developer
Master's,Python;Machine Learning;TensorFlow,AI;Innovation,Machine Learning Engineer
Bachelor's,HTML;CSS;JavaScript,Web Development;Design,Front-end Developer
Master's,Digital Marketing;SEO;Content Strategy,Marketing;Social Media,Digital Marketer
Bachelor's,SQL;Data Warehousing;ETL,Finance;Data Analytics,Data Analyst
Bachelor's,Graphic Design;Illustration;Adobe Illustrator,Arts;Design,Graphic Designer
Master's,Python;NLP;Deep Learning,AI;Language,NLP Engineer
Bachelor's,Research;Statistical Analysis;R,Academia;Biotech,Research Scientist
Master's,Project Management;Agile;Communication,Business;Management,Project Manager
Bachelor's,C++;Embedded Systems;IoT,Electronics;Automation,Embedded Systems Engineer
Master's,Python;Data Visualization;R,Data Analysis;Statistics,Data Analyst
Bachelor's,Java;Algorithms;Data Structures,Software Development;Coding,Software Developer
Bachelor's,UX Research;Prototyping;Interaction Design,Design;User Experience,UX Researcher
Master's,Cloud Computing;DevOps;Python,Technology;Business,DevOps Engineer
Bachelor's,Digital Marketing;Analytics;SEO,Marketing;Business,Digital Marketer
Bachelor's,C#;.NET;Software Design,Technology;Gaming,Software Developer
Master's,Financial Analysis;Excel;Econometrics,Finance;Data Analysis,Financial Analyst
PhD,Research;Statistical Analysis;Python,Academia;Biotech,Research Scientist
Bachelor's,HTML;CSS;JavaScript;UX,Web Design;Technology,Front-end Developer
Master's,Machine Learning;R;Python,Biotech;Data Science,Biostatistician
Bachelor's,Content Writing;Storytelling;SEO,Media;Marketing,Content Strategist
Master's,Python;Big Data;Machine Learning,Finance;Technology,Data Engineer
Bachelor's,Digital Illustration;Adobe Illustrator;Creativity,Arts;Design,Graphic Designer
Bachelor's,Python;Data Mining;Statistics,Data Science;Finance,Data Scientist
Master's,Business Analysis;Excel;SQL,Business;Finance,Business Analyst
Bachelor's,Python;Automation;Data Analysis,Technology;Engineering,Automation Engineer
Bachelor's,Content Writing;SEO;Social Media,Marketing;Communications,Digital Marketer
Master's,Python;Machine Learning;AI,Technology;Innovation,Machine Learning Engineer
Master's,Marketing Strategy;Digital Marketing;CRM,Marketing;Business,Marketing Manager
Bachelor's,JavaScript;React;Node.js,Web Development;Technology,Full Stack Developer
Master's,Data Science;Machine Learning;Python,Healthcare;AI,AI Specialist
Bachelor's,Network Security;Linux;Python,Cybersecurity;Technology,Cybersecurity Analyst
Master's,Python;Statistics;Data Mining,Academia;Research,Research Analyst
Bachelor's,Cloud Computing;DevOps;Python,Technology;Business,DevOps Engineer
Bachelor's,Content Creation;Graphic Design;Adobe Photoshop,Digital Media;Marketing,Graphic Designer
Master's,Python;TensorFlow;Deep Learning,Technology;Research,Deep Learning Engineer
Bachelor's,SQL;Data Warehousing;R,Business;Analytics,Business Analyst
Master's,Java;Spring;Microservices,Software Engineering;Finance,Backend Developer
Bachelor's,HTML;CSS;JavaScript,Web Development;Design,Front-end Developer
Master's,Machine Learning;R;Python,Biotech;Data Science,Biostatistician
Bachelor's,Digital Illustration;Adobe Illustrator;Creativity,Arts;Design,Graphic Designer
Master's,Python;Big Data;Machine Learning,Finance;Technology,Data Engineer
Bachelor's,Copywriting;SEO;Social Media,Marketing;Content,Content Strategist
Master's,Python;JavaScript;Data Visualization,Analytics;Business,Data Analyst
Bachelor's,Business Analysis;Excel;SQL,Business;Finance,Business Analyst
Bachelor's,Python;Automation;Data Analysis,Technology;Engineering,Automation Engineer
Bachelor's,Graphic Design;UX/UI;Adobe XD,Digital Media;Design,UX Designer
Master's,Python;Machine Learning;AI,Technology;Innovation,Machine Learning Engineer
Bachelor's,Digital Marketing;Analytics;SEO,Marketing;Business,Digital Marketer
Master's,Python;Data Analysis;R,Finance;Data Science,Financial Analyst
Bachelor's,Content Writing;Storytelling;SEO,Media;Marketing,Content Strategist
Bachelor's,Java;Android;UI Design,Mobile Apps;Technology,Mobile Developer
Master's,UX Research;Prototyping;Interaction Design,Design;User Experience,UX Researcher
Bachelor's,Python;Cybersecurity;Network Security,Technology;Security,Cybersecurity Specialist
Bachelor's,SQL;Data Analysis;Excel,Business;Analytics,Data Analyst
Master's,Cloud Computing;Python;DevOps,Technology;Business,Cloud Engineer
Bachelor's,Graphic Design;Illustration;Adobe Creative Suite,Arts;Design,Graphic Designer
Bachelor's,Python;Data Analysis;SQL,Finance;Analytics,Data Analyst
Master's,Python;Machine Learning;TensorFlow,AI;Innovation,Machine Learning Engineer
Bachelor's,HTML;CSS;JavaScript,Web Development;Design,Front-end Developer
Master's,Digital Marketing;SEO;Content Strategy,Marketing;Social Media,Digital Marketer
Bachelor's,SQL;Data Warehousing;ETL,Finance;Data Analytics,Data Analyst
Bachelor's,Graphic Design;Illustration;Adobe Illustrator,Arts;Design,Graphic Designer
Master's,Python;NLP;Deep Learning,AI;Language,NLP Engineer
Bachelor's,Research;Statistical Analysis;R,Academia;Biotech,Research Scientist
Master's,Project Management;Agile;Communication,Business;Management,Project Manager
Bachelor's,C++;Embedded Systems;IoT,Electronics;Automation,Embedded Systems Engineer
Bachelor's,Python;Data Analysis;Machine Learning,Technology;Data Science,Data Scientist
Master's,Java;System Design;Cloud Computing,Software Development;AI,Software Engineer
Bachelor's,Graphic Design;UI/UX;Adobe Creative Suite,Arts;Digital Media,UX Designer
Bachelor's,Python;Deep Learning;Statistics,Healthcare;AI,AI Researcher
Master's,Project Management;Communication;Agile,Business;Management,Project Manager
Bachelor's,C++;Embedded Systems;IoT,Electronics;Automation,Embedded Systems Engineer
Master's,SQL;Data Warehousing;ETL,Finance;Analytics,Data Analyst
Bachelor's,Content Writing;SEO;Social Media,Marketing;Communications,Digital Marketer
Bachelor's,Python;Natural Language Processing;Machine Learning,Linguistics;Technology,NLP Engineer
Master's,Financial Analysis;Excel;Econometrics,Finance;Data Analysis,Financial Analyst
PhD,Research;Statistical Analysis;Python,Academia;Biotech,Research Scientist
Bachelor's,HTML;CSS;JavaScript,Web Development;Design,Front-end Developer
Bachelor's,Java;Algorithms;Data Structures,Software Engineering;Coding,Software Developer
Master's,Data Visualization;Python;R,Data Analysis;Statistics,Data Analyst
Master's,Machine Learning;Big Data;Python,Technology;Innovation,Machine Learning Engineer
Bachelor's,Digital Marketing;Content Creation;SEO,Marketing;Social Media,Digital Marketer
Bachelor's,Python;Data Mining;Statistics,Data Science;Finance,Data Scientist
Bachelor's,C#;.NET;Software Design,Technology;Gaming,Software Developer
Master's,Project Management;Risk Analysis;Negotiation,Business;Management,Project Manager
Bachelor's,User Research;UX Design;Prototyping,Design;Technology,UX Designer
Bachelor's,Python;Data Analysis;SQL,Finance;Analytics,Data Analyst
Master's,Marketing Strategy;Digital Marketing;CRM,Marketing;Business,Marketing Manager
Bachelor's,JavaScript;React;Node.js,Web Development;Technology,Full Stack Developer
Master's,Data Science;Machine Learning;Python,Healthcare;AI,AI Specialist
Bachelor's,Network Security;Linux;Python,Cybersecurity;Technology,Cybersecurity Analyst
Master's,Python;Statistics;Data Mining,Academia;Research,Research Analyst
Bachelor's,Cloud Computing;DevOps;Python,Technology;Business,DevOps Engineer
Bachelor's,Content Creation;Graphic Design;Adobe Photoshop,Digital Media;Marketing,Graphic Designer
Master's,Python;TensorFlow;Deep Learning,Technology;Research,Deep Learning Engineer
Bachelor's,SQL;Data Warehousing;R,Business;Analytics,Business Analyst
Master's,Java;Spring;Microservices,Software Engineering;Finance,Backend Developer
Bachelor's,HTML;CSS;JavaScript;UX,Web Design;Technology,Front-end Developer
Master's,Machine Learning;R;Python,Biotech;Data Science,Biostatistician
Bachelor's,Digital Illustration;Adobe Illustrator;Creativity,Arts;Design,Graphic Designer
Master's,Python;Big Data;Machine Learning,Finance;Technology,Data Engineer
Bachelor's,Copywriting;SEO;Social Media,Marketing;Content,Content Strategist
Master's,Python;JavaScript;Data Visualization,Analytics;Business,Data Analyst
Bachelor's,Business Analysis;Excel;SQL,Business;Finance,Business Analyst
Bachelor's,Python;Automation;Data Analysis,Technology;Engineering,Automation Engineer
Bachelor's,Graphic Design;UX/UI;Adobe XD,Digital Media;Design,UX Designer
Master's,Python;Machine Learning;AI,Technology;Innovation,Machine Learning Engineer
Bachelor's,Digital Marketing;Analytics;SEO,Marketing;Business,Digital Marketer
Master's,Python;Data Analysis;R,Finance;Data Science,Financial Analyst
Bachelor's,Content Writing;Storytelling;SEO,Media;Marketing,Content Strategist
Bachelor's,Java;Android;UI Design,Mobile Apps;Technology,Mobile Developer
Master's,UX Research;Prototyping;Interaction Design,Design;User Experience,UX Researcher
Bachelor's,Python;Cybersecurity;Network Security,Technology;Security,Cybersecurity Specialist
Bachelor's,SQL;Data Analysis;Excel,Business;Analytics,Data Analyst
Master's,Cloud Computing;Python;DevOps,Technology;Business,Cloud Engineer
Bachelor's,Graphic Design;Illustration;Adobe Creative Suite,Arts;Design,Graphic Designer
PhD,Machine Learning;Deep Learning;Python,Technology;Research,AI Researcher
Bachelor's,JavaScript;React;Node.js,Web Development;Technology,Full Stack Developer
Bachelor's,Python;Statistics;Machine Learning,Data Science;Analytics,Data Scientist
Master's,SQL;Data Analysis;Python,Finance;Analytics,Data Analyst
Bachelor's,HTML;CSS;JavaScript,Web Development;Design,Front-end Developer
Master's,Python;TensorFlow;Neural Networks,AI;Innovation,Machine Learning Engineer
Bachelor's,SEO;Content Writing;Digital Marketing,Marketing;Social Media,Digital Marketer
Bachelor's,Java;Algorithms;Data Structures,Software Engineering;Coding,Software Developer
Master's,Project Management;Risk Analysis;Communication,Business;Management,Project Manager
Bachelor's,UX Design;Prototyping;User Research,Design;Technology,UX Designer
Bachelor's,Python;Data Mining;SQL,Finance;Data Science,Data Scientist
Master's,Financial Analysis;Excel;Statistics,Finance;Data Analysis,Financial Analyst
PhD,Research;Python;Statistical Analysis,Academia;Biotech,Research Scientist
Bachelor's,HTML;CSS;JavaScript,Web Development;Design,Front-end Developer
Bachelor's,C++;Embedded Systems;IoT,Electronics;Automation,Embedded Systems Engineer
Master's,Cloud Computing;DevOps;Linux,Technology;Business,DevOps Engineer
Bachelor's,Digital Marketing;SEO;Content Creation,Marketing;Social Media,Digital Marketer
Bachelor's,Python;NLP;Machine Learning,Linguistics;Technology,NLP Engineer
Master's,Data Visualization;R;Python,Data Analysis;Statistics,Data Analyst
Bachelor's,Java;Spring;REST APIs,Software Engineering;Technology,Backend Developer
Master's,Machine Learning;Python;Big Data,Technology;Innovation,Machine Learning Engineer
Bachelor's,Graphic Design;Adobe Illustrator;Creativity,Arts;Design,Graphic Designer
Master's,Business Analysis;SQL;Excel,Business;Finance,Business Analyst
Bachelor's,Content Writing;SEO;Storytelling,Marketing;Content,Content Strategist
Bachelor's,JavaScript;React;TypeScript,Web Development;Technology,Front-end Developer
Master's,Python;Deep Learning;TensorFlow,AI;Research,Deep Learning Engineer
Bachelor's,Java;Android;Kotlin,Mobile Apps;Technology,Mobile Developer
Master's,UX Research;Interaction Design;Prototyping,Design;User Experience,UX Researcher
Bachelor's,Python;Cybersecurity;Linux,Technology;Security,Cybersecurity Specialist
Master's,Marketing Strategy;CRM;Digital Marketing,Marketing;Business,Marketing Manager
Bachelor's,SQL;ETL;Data Warehousing,Finance;Analytics,Data Analyst
Master's,Python;Statistics;Data Mining,Academia;Research,Research Analyst
Bachelor's,Cloud Computing;Python;Kubernetes,Technology;Business,Cloud Engineer
PhD,Machine Learning;Statistics;Python,Technology;Research,AI Researcher
Bachelor's,HTML;CSS;React,Web Development;Design,Front-end Developer
Bachelor's,Python;Data Analysis;Pandas,Data Science;Technology,Data Scientist
Master's,Java;System Design;Microservices,Software Development;AI,Software Engineer
Bachelor's,Graphic Design;UI/UX;Figma,Arts;Digital Media,UX Designer
Bachelor's,Python;Deep Learning;Keras,Healthcare;AI,AI Researcher
Master's,Project Management;Agile;Scrum,Business;Management,Project Manager
Bachelor's,C++;IoT;Embedded Systems,Electronics;Automation,Embedded Systems Engineer
Master's,SQL;Python;Data Warehousing,Finance;Analytics,Data Analyst
Bachelor's,Content Writing;SEO;Blogging,Marketing;Communications,Digital Marketer
Bachelor's,Python;NLP;Text Mining,Linguistics;Technology,NLP Engineer
Master's,Financial Modeling;Excel;Econometrics,Finance;Data Analysis,Financial Analyst
PhD,Research;Statistical Analysis;SPSS,Academia;Biotech,Research Scientist
Bachelor's,HTML;CSS;JavaScript,Web Development;Design,Front-end Developer
Bachelor's,Java;Algorithms;Recursion,Software Engineering;Coding,Software Developer
Master's,Data Visualization;Tableau;Python,Data Analysis;Statistics,Data Analyst
Master's,Machine Learning;PyTorch;Python,Technology;Innovation,Machine Learning Engineer
Bachelor's,Digital Marketing;Google Ads;SEO,Marketing;Social Media,Digital Marketer
Bachelor's,Python;Data Mining;Pandas,Data Science;Finance,Data Scientist
Bachelor's,C#;Unity;Software Design,Technology;Gaming,Software Developer
Master's,Project Management;Risk Analysis;Negotiation,Business;Management,Project Manager
Bachelor's,User Research;UX Design;Figma,Design;Technology,UX Designer
Master's,Marketing Strategy;Email Marketing;CRM,Marketing;Business,Marketing Manager
Bachelor's,JavaScript;Vue.js;Node.js,Web Development;Technology,Full Stack Developer
Master's,Data Science;Machine Learning;Python,Healthcare;AI,AI Specialist
Bachelor's,Network Security;Ethical Hacking;Python,Cybersecurity;Technology,Cybersecurity Analyst
Master's,Python;Bayesian Analysis;Statistics,Academia;Research,Research Analyst
Bachelor's,Cloud Computing;AWS;DevOps,Technology;Business,DevOps Engineer
Bachelor's,Illustration;Adobe Creative Suite;Creativity,Digital Media;Arts,Graphic Designer
Master's,Python;TensorFlow;Computer Vision,Technology;Research,Deep Learning Engineer
Bachelor's,SQL;R;Business Analysis,Business;Finance,Business Analyst
Master's,Java;Kafka;Microservices,Software Engineering;Finance,Backend Developer
Bachelor's,HTML;CSS;Sass,Web Development;Design,Front-end Developer
Master's,Machine Learning;Scikit-learn;Python,Biotech;Data Science,Biostatistician
Bachelor's,Digital Illustration;Photoshop;Creativity,Arts;Design,Graphic Designer
Master's,Python;Spark;Big Data,Finance;Technology,Data Engineer
Bachelor's,Copywriting;Email Marketing;SEO,Marketing;Content,Content Strategist
Master's,Python;SQL;Visual Analytics,Analytics;Business,Data Analyst
Bachelor's,Business Analysis;Power BI;Excel,Business;Finance,Business Analyst
Bachelor's,Python;Jenkins;Automation,Technology;Engineering,Automation Engineer
Bachelor's,Graphic Design;UX/UI;Sketch,Digital Media;Design,UX Designer
Master's,Python;Machine Learning;Deep Learning,Technology;Innovation,Machine Learning Engineer
Bachelor's,Digital Marketing;Facebook Ads;Analytics,Marketing;Business,Digital Marketer
Master's,Python;R;Financial Analysis,Finance;Data Science,Financial Analyst
Bachelor's,Content Writing;Podcast;SEO,Media;Marketing,Content Strategist
Bachelor's,Java;Flutter;Mobile Development,Mobile Apps;Technology,Mobile Developer
Master's,UX Research;Usability Testing;Prototyping,Design;User Experience,UX Researcher
Bachelor's,Python;Penetration Testing;Network Security,Technology;Security,Cybersecurity Specialist
Bachelor's,SQL;Tableau;Data Analysis,Business;Analytics,Data Analyst
Master's,Cloud Computing;Azure;Python,Technology;Business,Cloud Engineer
Bachelor's,Graphic Design;InDesign;Branding,Arts;Design,Graphic Designer
Bachelor's,Python;Data Analysis;Machine Learning,Technology;Data Science,Data Scientist
Master's,Java;System Design;Cloud Computing,Software Development;AI,Software Engineer
Bachelor's,Graphic Design;UI/UX;Adobe Creative Suite,Arts;Digital Media,UX Designer
Bachelor's,Python;Deep Learning;Statistics,Healthcare;AI,AI Researcher
Master's,Project Management;Communication;Agile,Business;Management,Project Manager
Bachelor's,C++;Embedded Systems;IoT,Electronics;Automation,Embedded Systems Engineer
Master's,SQL;Data Warehousing;ETL,Finance;Analytics,Data Analyst
Bachelor's,Content Writing;SEO;Social Media,Marketing;Communications,Digital Marketer
Bachelor's,Python;Natural Language Processing;Machine Learning,Linguistics;Technology,NLP Engineer
Master's,Financial Analysis;Excel;Econometrics,Finance;Data Analysis,Financial Analyst
PhD,Research;Statistical Analysis;Python,Academia;Biotech,Research Scientist
Bachelor's,HTML;CSS;JavaScript,Web Development;Design,Front-end Developer
Bachelor's,Java;Algorithms;Data Structures,Software Engineering;Coding,Software Developer
Master's,Data Visualization;Python;R,Data Analysis;Statistics,Data Analyst
Master's,Machine Learning;Big Data;Python,Technology;Innovation,Machine Learning Engineer
Bachelor's,Digital Marketing;Content Creation;SEO,Marketing;Social Media,Digital Marketer
Bachelor's,Python;Data Mining;Statistics,Data Science;Finance,Data Scientist
Bachelor's,C#;.NET;Software Design,Technology;Gaming,Software Developer
Master's,Project Management;Risk Analysis;Negotiation,Business;Management,Project Manager
Bachelor's,User Research;UX Design;Prototyping,Design;Technology,UX Designer
Bachelor's,Python;Data Analysis;SQL,Finance;Analytics,Data Analyst
Master's,Marketing Strategy;Digital Marketing;CRM,Marketing;Business,Marketing Manager
Bachelor's,JavaScript;React;Node.js,Web Development;Technology,Full Stack Developer
Master's,Data Science;Machine Learning;Python,Healthcare;AI,AI Specialist
Bachelor's,Network Security;Linux;Python,Cybersecurity;Technology,Cybersecurity Analyst
Master's,Python;Statistics;Data Mining,Academia;Research,Research Analyst
Bachelor's,Cloud Computing;DevOps;Python,Technology;Business,DevOps Engineer
Bachelor's,Content Creation;Graphic Design;Adobe Photoshop,Digital Media;Marketing,Graphic Designer
Master's,Python;TensorFlow;Deep Learning,Technology;Research,Deep Learning Engineer
Bachelor's,SQL;Data Warehousing;R,Business;Analytics,Business Analyst
Master's,Java;Spring;Microservices,Software Engineering;Finance,Backend Developer
Bachelor's,HTML;CSS;JavaScript;UX,Web Design;Technology,Front-end Developer
Master's,Machine Learning;R;Python,Biotech;Data Science,Biostatistician
Bachelor's,Digital Illustration;Adobe Illustrator;Creativity,Arts;Design,Graphic Designer
Master's,Python;Big Data;Machine Learning,Finance;Technology,Data Engineer
Bachelor's,Copywriting;SEO;Social Media,Marketing;Content,Content Strategist
Master's,Python;JavaScript;Data Visualization,Analytics;Business,Data Analyst
Bachelor's,Business Analysis;Excel;SQL,Business;Finance,Business Analyst
Bachelor's,Python;Automation;Data Analysis,Technology;Engineering,Automation Engineer
